fold,half_life_days,l2,alpha,beta,fund_loss,fit_seconds,log_loss_per_race,brier_score_per_race,ece_10bin,hit_rate_top1,hit_rate_top3,favorite_hit_rate,roi_edge20,n_bets_edge20,roi_edge30,n_bets_edge30,roi_edge40,n_bets_edge40,roi_edge50,n_bets_edge50,kelly_final_bankroll,kelly_pnl_pct,kelly_n_bets
fold1_val2024,365.25,0.001,0.0334730861359713,1.085073221099779,4789.75776637147,9.535206400003517,1.6338974684236458,0.7461577128534963,0.006221504717889825,0.38004246284501064,0.7330148619957537,0.37551440329218105,,0,,0,,0,,0,1000.0,0.0,0
fold2_val2025,365.25,0.001,-0.06155086051699621,1.1144555913516967,4828.71886938995,10.496068499996909,1.6381172845818155,0.7492665228665724,0.005501626567890489,0.36877593360995853,0.7271784232365145,0.3656076651538074,,0,,0,,0,,0,1000.0,0.0,0
fold3_val2026Q1,365.25,0.001,-0.06016270526920268,1.0619423916762152,4915.2395685655065,6.225270700000692,1.707574970089798,0.7738446784913856,0.008190963897279923,0.340036563071298,0.7020109689213894,0.3298059964726631,,0,,0,,0,,0,1000.0,0.0,0
fold4_val2026Q2,365.25,0.001,0.010900633426656061,1.0305988665014123,5094.2156190851065,7.182437099996605,1.610609084462032,0.7507373460711084,0.004613514902681719,0.3629242819843342,0.7467362924281984,0.3575,,0,,0,,0,,0,1000.0,0.0,0
fold1_val2024,365.25,0.01,0.033473451176967275,1.0850731541493197,4789.761202784078,9.850123299998813,1.633897479411974,0.7461577181064915,0.006221505838050137,0.38004246284501064,0.7330148619957537,0.37551440329218105,,0,,0,,0,,0,1000.0,0.0,0
fold2_val2025,365.25,0.01,-0.06163007298987029,1.1144394660057013,4828.702065636864,10.233949699999357,1.6381180755261062,0.7492672784090271,0.005528883781772123,0.36877593360995853,0.7271784232365145,0.3656076651538074,,0,,0,,0,,0,1000.0,0.0,0
fold3_val2026Q1,365.25,0.01,-0.05980770496033091,1.0618121972153423,4915.238554176463,6.600334700000531,1.7075791606068085,0.7738449340861047,0.008050849880930942,0.340036563071298,0.7020109689213894,0.3298059964726631,,0,,0,,0,,0,1000.0,0.0,0
fold4_val2026Q2,365.25,0.01,0.012303546181921487,1.0300070597907296,5094.171235683784,7.275156399999105,1.6106066047632541,0.7507210974008777,0.004613367742598752,0.36553524804177545,0.7467362924281984,0.3575,,0,,0,,0,,0,1000.0,0.0,0
fold1_val2024,365.25,0.1,0.033457027193604646,1.0850833782502591,4789.79556728185,9.113756499995361,1.6338975974025625,0.7461577643249719,0.00622149921262855,0.38004246284501064,0.7330148619957537,0.37551440329218105,,0,,0,,0,,0,1000.0,0.0,0
fold2_val2025,365.25,0.1,-0.06142377360056209,1.1143462169701583,4828.763701958091,10.330604199996742,1.6381208154338909,0.7492672664263714,0.005501456864033211,0.36877593360995853,0.7271784232365145,0.3656076651538074,,0,,0,,0,,0,1000.0,0.0,0
fold3_val2026Q1,365.25,0.1,-0.061816301292969646,1.0625951701317842,4915.549077823781,6.161858799998299,1.707556420615034,0.7738400029178835,0.00818973922685536,0.3382084095063985,0.7020109689213894,0.3298059964726631,,0,,0,,0,,0,1000.0,0.0,0
fold4_val2026Q2,365.25,0.1,0.011506413801915638,1.0303524025301458,5094.396250437868,8.09071579999727,1.610608078919335,0.7507303822942609,0.004613747074317014,0.36553524804177545,0.7467362924281984,0.3575,,0,,0,,0,,0,1000.0,0.0,0
fold1_val2024,365.25,1.0,0.033596000649193165,1.0850352920221993,4789.650838035449,10.846426000003703,1.6338968441386978,0.7461547845380279,0.006195702497081242,0.38004246284501064,0.7330148619957537,0.37551440329218105,,0,,0,,0,,0,1000.0,0.0,0
fold2_val2025,365.25,1.0,-0.06119137089952022,1.1142033718171829,4829.2978584338125,10.22414790000039,1.6381250527577067,0.7492668264560721,0.00550098690262507,0.36877593360995853,0.7271784232365145,0.3656076651538074,,0,,0,,0,,0,1000.0,0.0,0
fold3_val2026Q1,365.25,1.0,-0.08578579414652635,1.0745105911035049,4918.291609040588,4.6487641999992775,1.7071826849370488,0.7738644390978566,0.00988701709193606,0.340036563071298,0.7093235831809872,0.3298059964726631,,0,,0,,0,,0,1000.0,0.0,0
fold4_val2026Q2,365.25,1.0,0.010795208113491859,1.0306553124582696,5096.030342765355,6.966256100000464,1.610609387747459,0.7507396308974977,0.004613501089101956,0.3629242819843342,0.7467362924281984,0.3575,,0,,0,,0,,0,1000.0,0.0,0
fold1_val2024,547.875,0.001,0.03786492198310043,1.0830210228408246,6844.120121773577,9.44353940000292,1.6338698416729078,0.746150612377571,0.00628326040927759,0.38004246284501064,0.7330148619957537,0.37551440329218105,,0,,0,,0,,0,1000.0,0.0,0
fold2_val2025,547.875,0.001,-0.06317499215703018,1.1149576309949967,7031.0539883499805,8.840463900000032,1.638105895139253,0.7492646989917422,0.005596712194575582,0.3682572614107884,0.7276970954356846,0.3656076651538074,,0,,0,,0,,0,1000.0,0.0,0
fold3_val2026Q1,547.875,0.001,-0.06678855629466705,1.0652179518146336,7235.184311042651,5.328246699995361,1.7074899526779805,0.7738616488936156,0.008496211688705515,0.3382084095063985,0.7056672760511883,0.3298059964726631,,0,,0,,0,,0,1000.0,0.0,0
fold4_val2026Q2,547.875,0.001,0.014492578289299868,1.028955180103997,7434.963048171372,6.490974699998333,1.6106021581858194,0.7506964468362817,0.004244658990239675,0.36553524804177545,0.7467362924281984,0.3575,,0,,0,,0,,0,1000.0,0.0,0
fold1_val2024,547.875,0.01,0.0378681338324049,1.0830200655954692,6844.1233582211935,8.465045400000236,1.633869805071614,0.746150595158831,0.006283299186782138,0.38004246284501064,0.7330148619957537,0.37551440329218105,,0,,0,,0,,0,1000.0,0.0,0
fold2_val2025,547.875,0.01,-0.06314831794724533,1.1149348616456898,7031.057172763591,8.54956680000032,1.638106406385466,0.7492647201786858,0.005596653641550486,0.3682572614107884,0.7276970954356846,0.3656076651538074,,0,,0,,0,,0,1000.0,0.0,0
fold3_val2026Q1,547.875,0.01,-0.06661561282424878,1.065169163902431,7235.193832224393,5.718741000004229,1.7074912948326664,0.7738622431260499,0.008496257076958317,0.3382084095063985,0.7056672760511883,0.3298059964726631,,0,,0,,0,,0,1000.0,0.0,0
fold4_val2026Q2,547.875,0.01,0.014473909299582987,1.0289749370722179,7434.96554749834,5.5441915999981575,1.6106022215742435,0.7506966438929917,0.004244641762164391,0.36553524804177545,0.7467362924281984,0.3575,,0,,0,,0,,0,1000.0,0.0,0
fold1_val2024,547.875,0.1,0.03790326922961092,1.083001262369473,6844.155299534864,7.829036900002393,1.6338695364615332,0.7461504494404372,0.006283339707568598,0.38004246284501064,0.7330148619957537,0.37551440329218105,,0,,0,,0,,0,1000.0,0.0,0
fold2_val2025,547.875,0.1,-0.06202794470388471,1.1143659299293862,7031.5616312931625,7.802434799996263,1.6381207395326642,0.7492626712464845,0.0054203354703223385,0.36877593360995853,0.7276970954356846,0.3656076651538074,,0,,0,,0,,0,1000.0,0.0,0
fold3_val2026Q1,547.875,0.1,-0.06616144730760412,1.0649140560953156,7235.346805456566,6.3264636999956565,1.7074988521032448,0.7738614588132308,0.008543472425012444,0.3382084095063985,0.7056672760511883,0.3298059964726631,,0,,0,,0,,0,1000.0,0.0,0
fold4_val2026Q2,547.875,0.1,0.014344200557050412,1.0290293421380288,7435.1554105010155,5.548475399999006,1.6106025168390863,0.7506980599808245,0.004244718611484264,0.36553524804177545,0.7467362924281984,0.3575,,0,,0,,0,,0,1000.0,0.0,0
fold1_val2024,547.875,1.0,0.03727544908868142,1.0832990328106276,6844.4684612877945,7.658151100004034,1.6338740226866566,0.7461523030112699,0.006159715377549683,0.38004246284501064,0.7330148619957537,0.37551440329218105,,0,,0,,0,,0,1000.0,0.0,0
fold2_val2025,547.875,1.0,-0.063533788301373,1.1153031345951523,7031.795369581663,7.8632731000034255,1.6380964016308326,0.7492588894500841,0.005705745336163587,0.3682572614107884,0.7282157676348547,0.3656076651538074,,0,,0,,0,,0,1000.0,0.0,0
fold3_val2026Q1,547.875,1.0,-0.07425502433666856,1.0687452102459207,7236.645717637589,5.795913899994048,1.7073836750031832,0.7738669688094179,0.008688760263247632,0.340036563071298,0.7093235831809872,0.3298059964726631,,0,,0,,0,,0,1000.0,0.0,0
fold4_val2026Q2,547.875,1.0,0.014536268456362567,1.0289252461269034,7436.710024775325,5.081318399999873,1.610602117581477,0.7506969280366365,0.004243806565330046,0.36553524804177545,0.7467362924281984,0.3575,,0,,0,,0,,0,1000.0,0.0,0
fold1_val2024,730.5,0.001,0.03528365388077403,1.0843670860408743,8450.4278772788,8.190598400004092,1.6338891694935544,0.7461532976550524,0.006128774954283854,0.38004246284501064,0.7330148619957537,0.37551440329218105,,0,,0,,0,,0,1000.0,0.0,0
fold2_val2025,730.5,0.001,-0.06389298907827726,1.1151571313931992,8856.437148991212,7.679161000000022,1.6380996839564426,0.7492584597957794,0.0057869149308351,0.3677385892116183,0.7282157676348547,0.3656076651538074,,0,,0,,0,,0,1000.0,0.0,0
fold3_val2026Q1,730.5,0.001,-0.07295825781937781,1.0683266010226813,9240.168801734735,7.113768199997139,1.707394841847816,0.7738648393118033,0.008783614339494275,0.340036563071298,0.7093235831809872,0.3298059964726631,,0,,0,,0,,0,1000.0,0.0,0
fold4_val2026Q2,730.5,0.001,0.0158522569811951,1.0282860709271966,9476.818472842384,5.711511400004383,1.610598907970878,0.7506810258312538,0.004245568254429515,0.36553524804177545,0.7467362924281984,0.3575,,0,,0,,0,,0,1000.0,0.0,0
fold1_val2024,730.5,0.01,0.03494851382347998,1.0845702392000887,8450.464071138837,8.432885099995474,1.6338917833282787,0.7461537331340395,0.006319564918017934,0.38004246284501064,0.7330148619957537,0.37551440329218105,,0,,0,,0,,0,1000.0,0.0,0
fold2_val2025,730.5,0.01,-0.06389815486782818,1.1151577747102561,8856.44041834664,7.47756279999885,1.6380996482122971,0.7492584570357872,0.005786854663333542,0.3677385892116183,0.7282157676348547,0.3656076651538074,,0,,0,,0,,0,1000.0,0.0,0
fold3_val2026Q1,730.5,0.01,-0.0722896393252363,1.0678601262623153,9239.848942497954,6.430117900003097,1.7074119147610307,0.7738705240724326,0.009064338075093688,0.33638025594149906,0.7093235831809872,0.3298059964726631,,0,,0,,0,,0,1000.0,0.0,0
fold4_val2026Q2,730.5,0.01,0.01547576366181363,1.0284925524663109,9476.750541816617,5.9444298000016715,1.6105999888407123,0.7506860942426551,0.004245580510878484,0.36553524804177545,0.7467362924281984,0.3575,,0,,0,,0,,0,1000.0,0.0,0
fold1_val2024,730.5,0.1,0.035595829985482386,1.0842224430939893,8450.490613540738,8.233084500003315,1.6338870291123193,0.7461523210487646,0.006252120383370593,0.38004246284501064,0.7330148619957537,0.37551440329218105,,0,,0,,0,,0,1000.0,0.0,0
fold2_val2025,730.5,0.1,-0.06428406073332577,1.115419627479366,8856.501218773166,7.49540960000013,1.6380922806149596,0.7492573265957596,0.005787596877757547,0.3677385892116183,0.7287344398340249,0.3656076651538074,,0,,0,,0,,0,1000.0,0.0,0
fold3_val2026Q1,730.5,0.1,-0.0735653368342513,1.0684938372953152,9239.978242741856,6.471688500001619,1.7073923280748677,0.7738719141022602,0.009202886859154769,0.3382084095063985,0.7093235831809872,0.3298059964726631,,0,,0,,0,,0,1000.0,0.0,0
fold4_val2026Q2,730.5,0.1,0.013358824766529541,1.0294252554881902,9476.855329260974,5.821898100002727,1.6106046547174275,0.750710744276655,0.004245354316128757,0.36553524804177545,0.7467362924281984,0.3575,,0,,0,,0,,0,1000.0,0.0,0
fold1_val2024,730.5,1.0,0.036959426849984996,1.083490927647911,8451.69333804087,7.0320114999994985,1.6338770645822527,0.7461565186094355,0.006417949811127564,0.38004246284501064,0.7330148619957537,0.37551440329218105,,0,,0,,0,,0,1000.0,0.0,0
fold2_val2025,730.5,1.0,-0.06365297483460929,1.114999077478305,8856.327911898194,7.762391000003845,1.6381039859817854,0.7492608688671291,0.005704786329470049,0.3677385892116183,0.7276970954356846,0.3656076651538074,,0,,0,,0,,0,1000.0,0.0,0
fold3_val2026Q1,730.5,1.0,-0.07886093927730675,1.0710210918515333,9241.099688848877,5.902668700000504,1.7073106415469144,0.7738785309007625,0.009664340198671795,0.340036563071298,0.7093235831809872,0.3298059964726631,,0,,0,,0,,0,1000.0,0.0,0
fold4_val2026Q2,730.5,1.0,0.017791179454007863,1.0274575397520813,9478.381467392166,5.057625100002042,1.610594185276902,0.75066035936568,0.00439303117811795,0.36553524804177545,0.7467362924281984,0.3575,,0,,0,,0,,0,1000.0,0.0,0
fold1_val2024,913.125,0.001,0.03867134944593357,1.0826187531739024,9704.59110881003,6.686423599996488,1.63386379815546,0.7461520733587557,0.006160062834266713,0.38004246284501064,0.7330148619957537,0.37551440329218105,,0,,0,,0,,0,1000.0,0.0,0
fold2_val2025,913.125,0.001,-0.06586514314920834,1.1160661171783688,10337.609324835144,6.648790500003088,1.6380736631217205,0.749252977035286,0.005815001494570493,0.36877593360995853,0.7287344398340249,0.3656076651538074,,0,,0,,0,,0,1000.0,0.0,0
fold3_val2026Q1,913.125,0.001,-0.06873881904562963,1.066145154717021,10921.10583290134,6.674306199995044,1.7074615046878154,0.7738618993582369,0.009250084290676386,0.33638025594149906,0.7056672760511883,0.3298059964726631,,0,,0,,0,,0,1000.0,0.0,0
fold4_val2026Q2,913.125,0.001,0.01404374143859964,1.0290951672542386,11202.921271512962,5.589880799998355,1.6106031923887305,0.7507035465541961,0.004245995143575789,0.36553524804177545,0.7467362924281984,0.3575,,0,,0,,0,,0,1000.0,0.0,0
fold1_val2024,913.125,0.01,0.03867191354889261,1.0826186984372732,9704.594028378458,6.773552599996037,1.6338637962727323,0.7461520727135784,0.006160068733880663,0.38004246284501064,0.7330148619957537,0.37551440329218105,,0,,0,,0,,0,1000.0,0.0,0
fold2_val2025,913.125,0.01,-0.06586711697960389,1.1160675247190137,10337.612241255147,6.617326599996886,1.6380736542776244,0.7492529812241007,0.005815024924013232,0.36877593360995853,0.7287344398340249,0.3656076651538074,,0,,0,,0,,0,1000.0,0.0,0
fold3_val2026Q1,913.125,0.01,-0.07063002591251856,1.06706756238156,10921.083967067681,6.983692499998142,1.7074355750589922,0.7738697597773379,0.009294049870346835,0.33638025594149906,0.7074954296160878,0.3298059964726631,,0,,0,,0,,0,1000.0,0.0,0
fold4_val2026Q2,913.125,0.01,0.013495723765742706,1.029353427541199,11202.924414352223,5.788849700002174,1.6106043933075387,0.75071002369622,0.004245902949123631,0.36553524804177545,0.7467362924281984,0.3575,,0,,0,,0,,0,1000.0,0.0,0
fold1_val2024,913.125,0.1,0.03867679704156558,1.082616679848028,9704.623205411213,6.756634799996391,1.6338637760238115,0.7461520595950026,0.006160067108056173,0.38004246284501064,0.7330148619957537,0.37551440329218105,,0,,0,,0,,0,1000.0,0.0,0
fold2_val2025,913.125,0.1,-0.06587725366427793,1.1160709975463188,10337.641394116663,6.723145500000101,1.6380735655243006,0.7492529769075829,0.005815019942230444,0.36877593360995853,0.7287344398340249,0.3656076651538074,,0,,0,,0,,0,1000.0,0.0,0
fold3_val2026Q1,913.125,0.1,-0.07039015511632059,1.0669377261516393,10921.223458421664,6.198454299999867,1.7074383337453178,0.7738686360739573,0.009294166483265852,0.33455210237659966,0.7074954296160878,0.3298059964726631,,0,,0,,0,,0,1000.0,0.0,0
fold4_val2026Q2,913.125,0.1,0.017265510918443194,1.0276682281811607,11203.396483690058,5.37731519999943,1.6105955491843453,0.7506676448905408,0.004393437299067444,0.36553524804177545,0.7467362924281984,0.3575,,0,,0,,0,,0,1000.0,0.0,0
fold1_val2024,913.125,1.0,0.038741154667140336,1.0825941110324588,9704.913234935657,6.665479600000253,1.6338634461640056,0.7461518710416759,0.006201127219415992,0.38004246284501064,0.7330148619957537,0.37551440329218105,,0,,0,,0,,0,1000.0,0.0,0
fold2_val2025,913.125,1.0,-0.0651874910827691,1.1156859956524077,10337.809457984913,7.112243800002034,1.6380834310481842,0.749254633281741,0.00581489348274405,0.3677385892116183,0.7287344398340249,0.3656076651538074,,0,,0,,0,,0,1000.0,0.0,0
fold3_val2026Q1,913.125,1.0,-0.07841386873156941,1.0709167122458052,10922.795153543924,5.839962899997772,1.7073148669324962,0.7738841643132817,0.009853375079720622,0.33638025594149906,0.7093235831809872,0.3298059964726631,,0,,0,,0,,0,1000.0,0.0,0
fold4_val2026Q2,913.125,1.0,0.01608436274706471,1.028180007438779,11204.358918863412,5.741851800004952,1.6105985469778643,0.7506808303846022,0.004246226748503564,0.36553524804177545,0.7467362924281984,0.3575,,0,,0,,0,,0,1000.0,0.0,0
fold1_val2024,1095.75,0.001,0.03985734704070274,1.0820887080253874,10696.536802676437,7.358121899997059,1.6338554933229048,0.7461498609984839,0.006270744190175488,0.38057324840764334,0.7330148619957537,0.37551440329218105,,0,,0,,0,,0,1000.0,0.0,0
fold2_val2025,1095.75,0.001,-0.06507796450754093,1.1155396415395264,11543.622820879791,6.9654596999971545,1.6380870659242188,0.7492525765173951,0.005569475054528477,0.3677385892116183,0.7287344398340249,0.3656076651538074,,0,,0,,0,,0,1000.0,0.0,0
fold3_val2026Q1,1095.75,0.001,-0.07414473873308791,1.0688171174007868,12325.51541920729,5.334650600001623,1.7073803080642278,0.7738689222182791,0.00925173823700625,0.33455210237659966,0.7093235831809872,0.3298059964726631,,0,,0,,0,,0,1000.0,0.0,0
fold4_val2026Q2,1095.75,0.001,0.011950920609594604,1.0300199090912097,12651.844806311183,5.722865499999898,1.6106073217015198,0.750729030902772,0.004616141359387792,0.36553524804177545,0.7467362924281984,0.3575,,0,,0,,0,,0,1000.0,0.0,0
fold1_val2024,1095.75,0.01,0.03985388147109455,1.082090873463497,10696.539733338257,6.830435199997737,1.633855500550709,0.746149862775562,0.006270749579194079,0.38057324840764334,0.7330148619957537,0.37551440329218105,,0,,0,,0,,0,1000.0,0.0,0
fold2_val2025,1095.75,0.01,-0.06507606949026153,1.1155370433182008,11543.625726079157,7.075632499996573,1.638087055486687,0.7492525621901925,0.005569442509036218,0.3677385892116183,0.7287344398340249,0.3656076651538074,,0,,0,,0,,0,1000.0,0.0,0
fold3_val2026Q1,1095.75,0.01,-0.07360342973251564,1.0685905286330302,12325.557320954671,5.311516699999629,1.7073877784891625,0.7738679928555424,0.009252744847036413,0.33455210237659966,0.7093235831809872,0.3298059964726631,,0,,0,,0,,0,1000.0,0.0,0
fold4_val2026Q2,1095.75,0.01,0.014119054165649701,1.0290669329065223,12652.01552343688,6.120823199998995,1.6106030411254342,0.7507027795177552,0.00424643677660224,0.36553524804177545,0.7467362924281984,0.3575,,0,,0,,0,,0,1000.0,0.0,0
fold1_val2024,1095.75,0.1,0.03984654285561773,1.0820956148227099,10696.569026808513,6.6623590999952285,1.6338555727793898,0.7461498903313792,0.006270754216794154,0.38057324840764334,0.7330148619957537,0.37551440329218105,,0,,0,,0,,0,1000.0,0.0,0
fold2_val2025,1095.75,0.1,-0.06508904534512665,1.115542724022089,11543.654767682552,7.048725699998613,1.6380869513120013,0.7492525655369198,0.005569453164742448,0.3677385892116183,0.7287344398340249,0.3656076651538074,,0,,0,,0,,0,1000.0,0.0,0
fold3_val2026Q1,1095.75,0.1,-0.07608064276269608,1.069667345078809,12325.842473060799,5.081370699997933,1.707353867352226,0.7738790491169174,0.009623706471990172,0.33638025594149906,0.7093235831809872,0.3298059964726631,,0,,0,,0,,0,1000.0,0.0,0
fold4_val2026Q2,1095.75,0.1,0.014036590553403219,1.0290777725030518,12652.236806795398,5.588204200001201,1.6106031373626992,0.7507031314854467,0.004245980406921031,0.36553524804177545,0.7467362924281984,0.3575,,0,,0,,0,,0,1000.0,0.0,0
fold1_val2024,1095.75,1.0,0.039773480240424916,1.0821398823665727,10696.860657966396,6.670919199998025,1.633856289878945,0.7461501554910083,0.006270707763187872,0.38057324840764334,0.7330148619957537,0.37551440329218105,,0,,0,,0,,0,1000.0,0.0,0
fold2_val2025,1095.75,1.0,-0.06640646883324491,1.1162608135855017,11544.005462067884,6.852178199995251,1.6380667452100761,0.7492503539972116,0.005768551340496046,0.36877593360995853,0.7287344398340249,0.3656076651538074,,0,,0,,0,,0,1000.0,0.0,0
fold3_val2026Q1,1095.75,1.0,-0.07642401937353838,1.069899126882728,12326.33063637607,5.482059699999809,1.707347767114399,0.7738777736916389,0.009205458904581952,0.33638025594149906,0.7093235831809872,0.3298059964726631,,0,,0,,0,,0,1000.0,0.0,0
fold4_val2026Q2,1095.75,1.0,0.0123600726102227,1.0298322903732222,12653.74069090898,4.94057270000485,1.6106066280987124,0.7507246425797084,0.0046161365995508455,0.36553524804177545,0.7467362924281984,0.3575,,0,,0,,0,,0,1000.0,0.0,0
