race_num,rank,pgm,horse,P(ITM),P(win),cov,ML,PrimePwr,_reasons
1,1,8,Snitch Dorada,0.6194000000000001,0.2283,0.9157894736842105,,,"{'pos': [('finish position last race', 0.3467554150532933), ('jockey win% on surface', 0.19344191107156597), ('trainer win% on surface', 0.1520284094313342)], 'neg': [('closer last race', -0.10419982551969484), ('trainer win% at other tracks', -0.10392508355586434), ('class rating change vs last', -0.08726230141872118)]}"
1,2,4,Navy Band,0.5588,0.1947,0.8526315789473684,,,"{'pos': [('career ITM%', 0.3084727848063531), ('finish position last race', 0.20805325496285876), ('purse change vs last', 0.13498175393146283)], 'neg': [('last race field size', -0.08659135991206808), ('career win%', -0.0714201932360087), ('starts at this track', -0.053545781104167856)]}"
1,3,7,Miss Fortunate,0.5461,0.1897,0.8210526315789474,,,"{'pos': [('finish position last race', 0.3467554150532933), ('purse change vs last', 0.13498175393146283), ('blinkers change', 0.11541228784948904)], 'neg': [('last race field size', -0.08659135991206808), ('post position', -0.06109170601404975)]}"
1,4,1,Boss Lady KP,0.37220000000000003,0.123,0.8631578947368421,,,"{'pos': [('purse change vs last', 0.13498175393146283), ('post position', 0.085528391772306), ('speed figure last race', 0.07608169260329084)], 'neg': [('blinkers change', -0.11541228784948901), ('last race field size', -0.08659135991206808), ('career ITM%', -0.07669970615337263)]}"
1,5,2,Queen Wiggy,0.31899999999999995,0.0934,0.4421052631578947,,,"{'pos': [('pace type last race    MISSING = ', 0.1602871815346445), ('purse change vs last', 0.13498175393146283), ('starts at this track', 0.11255541965559065)], 'neg': [('no data: won last race', -0.21804853931433218), ('no data: finish position last race', -0.21804853931433218), ('blinkers change', -0.11541228784948901)]}"
1,6,5,Classy Bay,0.3081,0.0907,0.8315789473684211,,,"{'pos': [('career win% on surface', 0.09364892544236168), ('purse change vs last', 0.08810736393365004), ('jockey win% on surface', 0.08365266630422678)], 'neg': [('finish position last race', -0.34675542189661956), ('career win%', -0.13347525554980913), ('blinkers change', -0.11541228784948901)]}"
1,7,3,Sweet Manhattan,0.2385,0.0696,0.8736842105263158,,,"{'pos': [('blinkers change', 0.11541228784948904), ('career win%', 0.1060073570762953), ('no data: trainer win% off layoff', 0.0731163886123969)], 'neg': [('purse change vs last', -0.29889380711381913), ('closer last race', -0.10419982551969484), ('class rating change vs last', -0.09682528159513065)]}"
1,8,6,Uncaptured Ruby,0.037899999999999996,0.0106,0.8842105263157894,,,"{'pos': [('last race field size', 0.22128902931340433), ('trouble in last trip', 0.07626221229043668), ('career win%', 0.06432525828855676)], 'neg': [('finish position last race', -0.7628619204167935), ('purse change vs last', -0.30943165808576445), ('career ITM%', -0.24559479574157794)]}"
2,1,9,Box Top,0.6205,0.251,0.8526315789473684,,,"{'pos': [('jockey win% on surface', 0.31837929948017973), ('finish position last race', 0.27740432727765196), ('beaten lengths last race', 0.09672247491899777)], 'neg': [('post position', -0.0977467347984796)]}"
2,2,5,Sunset House,0.4178,0.1391,0.8526315789473684,,,"{'pos': [('finish position last race', 0.1387021671872174), ('jockey win% on surface', 0.07720911117529225), ('blinkers change', 0.07694152523299264)], 'neg': [('beaten lengths last race', -0.11202590842220968), ('mid-pack last race', -0.06448253359666667), ('career win%', -0.06234640912949746)]}"
2,3,3,Belle Cause,0.3679,0.1156,0.8947368421052632,,,"{'pos': [('last race field size', 0.15394019382624025), ('blinkers change', 0.07694152523299264), ('closer last race', 0.06174804475241175)], 'neg': [('beaten lengths last race', -0.10234170584513128), ('jockey win% on surface', -0.10122749949512326)]}"
2,4,1,Zero Degrees,0.36119999999999997,0.1174,0.8947368421052632,,,"{'pos': [('finish position last race', 0.27740432727765196), ('speed figure last race', 0.2431295014569368), ('post position', 0.09774673362211596)], 'neg': [('last race field size', -0.15394019539923215), ('trainer win% at track', -0.09143925042646289), ('trainer win% on surface', -0.09107422751656138)]}"
2,5,8,Lolita,0.3608,0.1185,0.9052631578947369,,,"{'pos': [('career ITM%', 0.2311478352861263), ('last race was maiden', 0.15169419671174), ('finish position last race', 0.1387021671872174)], 'neg': [('last race field size', -0.15394019539923215), ('closer last race', -0.0771850559405147), ('post position', -0.07331005301045061)]}"
2,6,4,Changes,0.3251,0.0979,0.9052631578947369,,,"{'pos': [('finish position last race', 0.27740432727765196), ('blinkers change', 0.07694152523299264), ('avg finish (last 3)', 0.06724303596477993)], 'neg': [('purse change vs last', -0.2109874134395483), ('class rating change vs last', -0.11688100878440012), ('beaten lengths last race', -0.08082125275489149)]}"
2,7,7,Macnick Time,0.2086,0.062,0.8105263157894737,,,"{'pos': [('last race field size', 0.15394019382624025), ('career ITM%', 0.11715844920056467), ('speed figure last race', 0.061093544633652075)], 'neg': [('finish position last race', -0.5548086515138256), ('blinkers change', -0.1538830504659854), ('beaten lengths last race', -0.10234170584513128)]}"
2,8,2,Can You See Me Now,0.17659999999999998,0.0528,0.7789473684210526,,,"{'pos': [('beaten lengths last race', 0.5325116284169402), ('last race was maiden', 0.15169419671174), ('trouble in last trip', 0.09038484419607311)], 'neg': [('speed figure last race', -0.5522275685186931), ('finish position last race', -0.27740433133295644), ('career ITM%', -0.18393957946814626)]}"
2,9,6,Jumping Jada,0.16149999999999998,0.0457,0.8105263157894737,,,"{'pos': [('last race field size', 0.15394019382624025), ('speed figure last race', 0.05175837039517027), ('jockey home = CT', 0.05155040239226391)], 'neg': [('finish position last race', -0.27740433133295644), ('career ITM%', -0.21576295983120625), ('blinkers change', -0.1538830504659854)]}"
3,1,8,Municipal,0.6394,0.2441,0.9157894736842105,,,"{'pos': [('purse change vs last', 0.20668972129862545), ('jockey win% on surface', 0.15721716324298246), ('trainer win% on surface', 0.15555096411490507)], 'neg': [('speed figure last race', -0.23197914703719844), ('last race field size', -0.16356145544882034), ('trainer win% at other tracks', -0.10548783219849354)]}"
3,2,3,Finny,0.5284,0.1796,0.8315789473684211,,,"{'pos': [('finish position last race', 0.20805324811953252), ('speed figure last race', 0.13862737674173037), ('career win% on surface', 0.11370972562411463)], 'neg': [('career win%', -0.1764104143426004), ('last race was maiden', -0.07313827341458892)]}"
3,3,4,No Brake Needed,0.47430000000000005,0.1593,0.8105263157894737,,,"{'pos': [('career ITM%', 0.20364686277412472), ('speed figure last race', 0.13395978962248947), ('blinkers change', 0.08655921588711674)], 'neg': [('starts at this track', -0.1475240952244574), ('last race was maiden', -0.07313827341458892), ('mid-pack last race', -0.062179585968214296)]}"
3,4,2,Just Deeds,0.37429999999999997,0.1186,0.45263157894736844,,,"{'pos': [('jockey home = GP', 0.23715113304951665), ('pace type last race    MISSING = ', 0.137389012743981), ('jockey win% on surface', 0.07374000173688282)], 'neg': [('no data: won last race', -0.1868987479837133), ('no data: finish position last race', -0.1868987479837133), ('blinkers change', -0.1442653598118613)]}"
3,5,1,Joel's Boy,0.3521,0.1126,0.8842105263157894,,,"{'pos': [('last race was maiden', 0.12189712235764823), ('career win%', 0.09756421908755661), ('blinkers change', 0.08655921588711674)], 'neg': [('no data: trainer win% off layoff', -0.08773966633487629), ('career win% on surface', -0.07149718953559249), ('finish position last race', -0.06935108118577168)]}"
3,6,7,Charlie Hustle,0.2748,0.0857,0.4105263157894737,,,"{'pos': [('pace type last race    MISSING = ', 0.137389012743981), ('last race field size', 0.06734883293105223), ('no data: avg finish (last 3)', 0.05448025354760701)], 'neg': [('no data: won last race', -0.1868987479837133), ('no data: finish position last race', -0.1868987479837133), ('blinkers change', -0.1442653598118613)]}"
3,7,5,Jaker,0.20179999999999998,0.0565,0.8947368421052632,,,"{'pos': [('finish position last race', 0.34675540820996714), ('last race was maiden', 0.12189712235764823), ('blinkers change', 0.08655921588711674)], 'neg': [('purse change vs last', -0.4632945203689637), ('won last race', -0.1840624411099967), ('class rating change vs last', -0.16436391768025813)]}"
3,8,6,My Yoke,0.15489999999999998,0.0436,0.8210526315789474,,,"{'pos': [('trouble in last trip', 0.08897258100550946), ('career win%', 0.06833261165566418), ('no data: won last race', 0.062299582661237765)], 'neg': [('finish position last race', -0.4854575888303804), ('blinkers change', -0.1442653598118613), ('avg finish (last 3)', -0.10896973880113009)]}"
4,1,4,Faster Gator,0.6416,0.2403,0.9052631578947369,,,"{'pos': [('jockey win% on surface', 0.20583411863067524), ('speed figure last race', 0.20537388819285424), ('finish position last race', 0.15851675438906815)], 'neg': [('career ITM%', -0.13419714861223073), ('won last race', -0.1202040431738754), ('last race field size', -0.087965823470574)]}"
4,2,7,Pork Chop Pete,0.5282,0.1873,0.9157894736842105,,,"{'pos': [('career ITM%', 0.24816183327533803), ('jockey win% on surface', 0.24199223979624973), ('wins at this track', 0.0939969277171674)], 'neg': [('finish position last race', -0.11888756579180107), ('speed figure last race', -0.09055121209177533), ('starts at this track', -0.08617280609431532)]}"
4,3,2,The Wine Steward,0.4438,0.1426,0.8842105263157894,,,"{'pos': [('purse change vs last', 0.3516731220794036), ('jockey home = GP', 0.23231131400768978), ('finish position last race', 0.15851675438906815)], 'neg': [('career ITM%', -0.25978579597249396), ('last race (days ago)', -0.19599173643689016), ('days since last race', -0.19599173643689016)]}"
4,4,5,Play It Loud,0.4294,0.1384,0.8631578947368421,,,"{'pos': [('speed figure last race', 0.19137112683513152), ('won last race', 0.09015303238040655), ('no data: trainer win% off layoff', 0.06684926958847717)], 'neg': [('jockey win% on surface', -0.1837580767188745), ('finish position last race', -0.11888756579180107), ('last race field size', -0.087965823470574)]}"
4,5,6,Hammer,0.3578,0.114,0.9157894736842105,,,"{'pos': [('career ITM%', 0.15386633445972248), ('pace progression last race', 0.10196689254999666), ('won last race', 0.09015303238040655)], 'neg': [('speed figure last race', -0.12695840493575453), ('closer last race', -0.11908551487965124), ('finish position last race', -0.11888756579180107)]}"
4,6,1,Dorado,0.32489999999999997,0.0948,0.9052631578947369,,,"{'pos': [('career win%', 0.1217830491708787), ('won last race', 0.09015303238040655), ('post position', 0.07331004964941165)], 'neg': [('starts at this track', -0.12114148323695423), ('finish position last race', -0.11888756579180107), ('jockey win% on surface', -0.10143329211268676)]}"
4,7,3,Midnight Show,0.2743,0.0826,0.8736842105263158,,,"{'pos': [('finish position last race', 0.15851675438906815), ('last race field size', 0.14294446490929857), ('career win% on surface', 0.13661811381277944)], 'neg': [('purse change vs last', -0.31443428260282524), ('career win%', -0.2043800886165058), ('jockey home = MNR', -0.20354064756780577)]}"
5,1,4,Coach Siggy,0.7055,0.3011,0.9052631578947369,,,"{'pos': [('beaten lengths last race', 0.30248190626836907), ('purse change vs last', 0.15314777016060882), ('jockey win% on surface', 0.14717142659012555)], 'neg': [('speed figure last race', -0.12592116446906298), ('last race field size', -0.09407456534068975), ('trainer win% at other tracks', -0.09290711818868662)]}"
5,2,6,Justa Wizard,0.42879999999999996,0.1348,0.8526315789473684,,,"{'pos': [('finish position last race', 0.3236383836826085), ('speed figure last race', 0.1331299909166134), ('career win% on surface', 0.09050140461881218)], 'neg': [('career win%', -0.13387777141636376), ('closer last race', -0.09262206712861762), ('beaten lengths last race', -0.057985660788243826)]}"
5,3,7,Rum N Coke,0.3483,0.1086,0.8421052631578947,,,"{'pos': [('career ITM%', 0.06809016199349609), ('speed figure last race', 0.06311616933477748), ('jockey home = CT', 0.06014213612430789)], 'neg': [('jockey win% on surface', -0.11266963510266245)]}"
5,4,9,Gimmethatsugar,0.3123,0.0955,0.8947368421052632,,,"{'pos': [('career ITM%', 0.07581869291837735), ('speed figure last race', 0.07245134357325927)], 'neg': [('post position', -0.0977467347984796), ('finish position last race', -0.0924681057131303)]}"
5,5,2,Swift Waters,0.2955,0.0888,0.8526315789473684,,,"{'pos': [('finish position last race', 0.1849362235921739), ('career win%', 0.12411986435189049), ('trouble in last trip', 0.07908673867156396)], 'neg': [('closer last race', -0.09262206712861762), ('career win% on surface', -0.0839050565619697), ('avg finish (last 3)', -0.0704450805725721)]}"
5,6,1,Annapolis Road,0.2933,0.0911,0.8736842105263158,,,"{'pos': [('post position', 0.09774673362211596), ('jockey win% on surface', 0.07191049310757433), ('jockey win% (90d)', 0.06834463071317082)], 'neg': [('finish position last race', -0.0924681057131303), ('no data: trainer win% off layoff', -0.09098928360653838)]}"
5,7,8,Youthful Energy,0.2559,0.0802,0.8736842105263158,,,"{'pos': [('jockey home = CT', 0.06014213612430789), ('last race field size', 0.05986562927204644), ('avg finish (last 3)', 0.0592379130278093)], 'neg': [('no data: trainer win% off layoff', -0.09098928360653838), ('post position', -0.07331005301045061), ('jockey win% on surface', -0.07215204457696546)]}"
5,8,5,Felicias Cinco,0.2429,0.0684,0.8526315789473684,,,"{'pos': [('career win%', 0.10196713829448927), ('trouble in last trip', 0.07908673867156396), ('last race field size', 0.05986562927204644)], 'neg': [('closer last race', -0.09262206712861762), ('finish position last race', -0.0924681057131303), ('beaten lengths last race', -0.0741260034206297)]}"
5,9,3,John's Notion,0.11750000000000001,0.0315,0.8631578947368421,,,"{'pos': [], 'neg': [('finish position last race', -0.36987245326730445), ('blinkers change', -0.20517740062131384), ('career ITM%', -0.16376581731339293)]}"
6,1,3,Maggie's Girl,0.5781000000000001,0.2026,0.8210526315789474,,,"{'pos': [('finish position last race', 0.34675540706941277), ('career win% on surface', 0.282802620106761), ('career ITM%', 0.2779641341706145)], 'neg': [('career win%', -0.42648593788216543), ('blinkers change', -0.17311843177423356), ('won last race', -0.1314731722214262)]}"
6,2,8,Redhotchiliphilly,0.5270999999999999,0.1906,0.9052631578947369,,,"{'pos': [('finish position last race', 0.34675540706941277), ('jockey win% on surface', 0.32664431174265984), ('speed figure last race', 0.09836942220715783)], 'neg': [('won last race', -0.1314731722214262), ('career win%', -0.09519445451410313), ('avg finish (last 3)', -0.09365993715529711)]}"
6,3,5,Thelastsay,0.5082,0.176,0.8736842105263158,,,"{'pos': [('speed figure last race', 0.2085245048490434), ('finish position last race', 0.20805324697897815), ('won last race', 0.07888390333285572)], 'neg': [('wins at this track', -0.0822473127213319), ('career win% in these conditions', -0.052163472061779875)]}"
6,4,4,Golden Circles,0.42300000000000004,0.1393,0.8631578947368421,,,"{'pos': [('purse change vs last', 0.18404095056218528), ('career win%', 0.11917062806641171), ('won last race', 0.07888390333285572)], 'neg': [('career ITM%', -0.12729673109034534), ('career win% on surface', -0.08606137477265546), ('speed figure last race', -0.059395065323529575)]}"
6,5,6,Coal Country,0.38769999999999993,0.122,0.8421052631578947,,,"{'pos': [('finish position last race', 0.34675540706941277), ('avg finish (last 3)', 0.06484149497526401), ('blinkers change', 0.05770614392474449)], 'neg': [('purse change vs last', -0.14444313022280938), ('won last race', -0.1314731722214262), ('jockey win% on surface', -0.058588414246767424)]}"
6,6,2,Party Timefor Me,0.2792,0.0841,0.8210526315789474,,,"{'pos': [('won last race', 0.07888390333285572), ('beaten lengths last race', 0.07599409759022768), ('career ITM%', 0.06818969162290045)], 'neg': [('finish position last race', -0.34675541163163026), ('blinkers change', -0.17311843177423356), ('closer last race', -0.08683318793307902)]}"
6,7,1,Here'sa Quarter,0.1679,0.0478,0.8,,,"{'pos': [('post position', 0.085528391772306), ('won last race', 0.07888390333285572), ('no data: trainer win% off layoff', 0.05849311088991752)], 'neg': [('finish position last race', -0.6241597318124994), ('career ITM%', -0.17517686894830858), ('speed figure last race', -0.13314295881974156)]}"
6,8,7,Lil Knockout,0.1288,0.0376,0.8736842105263158,,,"{'pos': [('career win%', 0.3192447152705667), ('won last race', 0.07888390333285572), ('blinkers change', 0.05770614392474449)], 'neg': [('finish position last race', -0.34675541163163026), ('career win% on surface', -0.2213115049037999), ('speed figure last race', -0.13314295881974156)]}"
7,1,2,Honeyquist,0.5349999999999999,0.1914,0.9157894736842105,,,"{'pos': [('career ITM%', 0.2692018757962745), ('jockey win% on surface', 0.14475205089757975), ('trainer win% on surface', 0.12246844405571868)], 'neg': [('purse change vs last', -0.21664260899115648), ('speed figure last race', -0.14957027960775646), ('trainer win% at other tracks', -0.08721809243321277)]}"
7,2,7,Duncan Idaho,0.5283,0.1926,0.8736842105263158,,,"{'pos': [('career win% on surface', 0.38253309564961013), ('jockey win% on surface', 0.31066130571991596), ('wins at this track', 0.26535757834904555)], 'neg': [('career win%', -0.5617998063526672), ('won last race', -0.1402380503695213), ('starts at this track', -0.09519250039356689)]}"
7,3,5,The Big Lep,0.4991,0.1788,0.9052631578947369,,,"{'pos': [('jockey home = GP', 0.24091543674871532), ('finish position last race', 0.1387021611042607), ('trainer win% on surface', 0.12246844405571868)], 'neg': [('career ITM%', -0.15424037865336832), ('won last race', -0.1402380503695213), ('trainer win% at other tracks', -0.08721809243321277)]}"
7,4,3,Tico Grande,0.3063,0.095,0.8631578947368421,,,"{'pos': [('beaten lengths last race', 0.1470564263225206), ('won last race', 0.07011902518476065), ('pace progression last race', 0.06647841567215013)], 'neg': [('jockey win% on surface', -0.108945493255387), ('closer last race', -0.10805907831672057), ('speed figure last race', -0.09682653092185771)]}"
7,5,6,K.Bee,0.2651,0.079,0.8631578947368421,,,"{'pos': [('finish position last race', 0.1387021611042607), ('last race field size', 0.12828349511736553), ('starts at this track', 0.07965086741359761)], 'neg': [('blinkers change', -0.17953022554364959), ('career ITM%', -0.15424037865336832), ('won last race', -0.1402380503695213)]}"
7,6,1,Pleasenthanku,0.2595,0.0802,0.9052631578947369,,,"{'pos': [('post position', 0.09774673362211596), ('won last race', 0.07011902518476065), ('pace progression last race', 0.06647841567215013)], 'neg': [('jockey win% on surface', -0.11508901079520825), ('closer last race', -0.10805907831672057), ('speed figure last race', -0.10056060283623379)]}"
7,7,4,Moonlit Notion,0.2531,0.073,0.8315789473684211,,,"{'pos': [('purse change vs last', 0.10410825423728111), ('career win% on surface', 0.09874579757255528), ('career ITM%', 0.07985936475357214)], 'neg': [('finish position last race', -0.2774043282914781), ('blinkers change', -0.17953022554364959), ('career win%', -0.14199624893094226)]}"
7,8,8,Bold Boomer,0.23259999999999997,0.0739,0.8631578947368421,,,"{'pos': [('career win%', 0.4266781037497584), ('speed figure last race', 0.084275903299951), ('won last race', 0.07011902518476065)], 'neg': [('career win% on surface', -0.2856782009232337), ('career ITM%', -0.2095291188008797), ('jockey win% on surface', -0.1689885513932291)]}"
7,9,9,Amidships,0.121,0.0361,0.8736842105263158,,,"{'pos': [('career win%', 0.14885295695082407), ('won last race', 0.07011902518476065), ('jockey win% on surface', 0.05396713869622733)], 'neg': [('purse change vs last', -0.2668180862514311), ('finish position last race', -0.13870215907660852), ('starts at this track', -0.11267684344139384)]}"
8,1,3,Mystic Lake,0.5834999999999999,0.2087,0.8105263157894737,,,"{'pos': [('purse change vs last', 0.37321887104857765), ('career win% on surface', 0.20746564647253185), ('jockey home = GP', 0.13551493317115237)], 'neg': [('career win%', -0.27693196094447536), ('last race field size', -0.15394019549754412), ('blinkers change', -0.11541228784948904)]}"
8,2,1,Icona Mama,0.5653,0.2083,0.45263157894736844,,,"{'pos': [('purse change vs last', 0.8280094600695397), ('pace type last race    MISSING = ', 0.1602871815346445), ('jockey home = GP', 0.13551493317115237)], 'neg': [('no data: finish position last race', -0.21804853931433218), ('no data: won last race', -0.21804853931433218), ('speed figure last race', -0.11552281357944442)]}"
8,3,7,Overcome Adversity,0.4524,0.1538,0.8842105263157894,,,"{'pos': [('finish position last race', 0.3120798670468041), ('purse change vs last', 0.1974174743978223), ('jockey win% on surface', 0.14368879477861432)], 'neg': [('won last race', -0.1840624411099967), ('blinkers change', -0.11541228784948904), ('closer last race', -0.10419982551969484)]}"
8,4,5,Irish Maxima,0.3893,0.123,0.7789473684210526,,,"{'pos': [('purse change vs last', 0.7630393793612016), ('career win%', 0.13541079724678842), ('blinkers change', 0.11541228784948901)], 'neg': [('career ITM%', -0.18626054522915228), ('jockey home = GP', -0.13551493317115237), ('finish position last race', -0.10402662234893469)]}"
8,5,6,Anakarina,0.33199999999999996,0.1002,0.7894736842105263,,,"{'pos': [('purse change vs last', 0.503159040486119), ('jockey home = GP', 0.13551493317115237), ('career win%', 0.13541079724678842)], 'neg': [('finish position last race', -0.5201331299935434), ('career ITM%', -0.18626054522915228), ('avg finish (last 3)', -0.16300431581810226)]}"
8,6,8,Foie Gras,0.31930000000000003,0.1017,0.8842105263157894,,,"{'pos': [('last race field size', 0.2309102874950646), ('purse change vs last', 0.1974174743978223), ('finish position last race', 0.1733777069563695)], 'neg': [('jockey home = GP', -0.13551493317115237), ('speed figure last race', -0.12439123192018155), ('blinkers change', -0.11541228784948904)]}"
8,7,2,Professor Grace,0.18359999999999999,0.0544,0.8736842105263158,,,"{'pos': [('career ITM%', 0.1881868661307307), ('finish position last race', 0.1733777069563695), ('career win% on surface', 0.1259642673271409)], 'neg': [('purse change vs last', -1.5098483635867181), ('career win%', -0.19061901024064362), ('jockey home = GP', -0.13551493317115237)]}"
8,8,4,Serenade Me,0.17459999999999998,0.0499,0.8210526315789474,,,"{'pos': [('speed figure last race', 0.228945214195463), ('career ITM%', 0.2098267400285948), ('blinkers change', 0.11541228784948901)], 'neg': [('purse change vs last', -1.352413336174364), ('jockey home = GP', -0.13551493317115237), ('starts at this track', -0.1016277089927793)]}"
9,1,3,Solitude Dude,0.6696,0.257,0.8,,,"{'pos': [('purse change vs last', 0.5181284487616141), ('jockey home = GP', 0.16939366646394047), ('beaten lengths last race', 0.1533332243586444)], 'neg': [('speed figure last race', -0.12392447247943121), ('career win%', -0.11453842299197377), ('no data: trainer win% off layoff', -0.0731163886123969)]}"
9,2,2,Bravaro,0.5349999999999999,0.1872,0.7894736842105263,,,"{'pos': [('purse change vs last', 0.5181284487616141), ('career win%', 0.1725554062266193), ('jockey home = GP', 0.16939366646394047)], 'neg': [('finish position last race', -0.19071547582711945), ('closer last race', -0.12156646310631064), ('career win% on surface', -0.11664749539489633)]}"
9,3,1,Coronade Oro,0.47659999999999997,0.1641,0.8105263157894737,,,"{'pos': [('purse change vs last', 0.4942423897130525), ('speed figure last race', 0.08891755729677538), ('finish position last race', 0.08668885347818472)], 'neg': [('last race field size', -0.18280397977541235), ('jockey win% on surface', -0.12238360625069544), ('jockey home = GP', -0.10163619987836428)]}"
9,4,6,Sculcos Folly,0.3231,0.0961,0.4105263157894737,,,"{'pos': [('purse change vs last', 0.5754549916010833), ('career win%', 0.15450059455310108), ('pace type last race    MISSING = ', 0.137389012743981)], 'neg': [('finish position last race', -0.19071547582711945), ('no data: won last race', -0.1868987479837133), ('no data: finish position last race', -0.1868987479837133)]}"
9,5,7,Tab At Zanzibar,0.31679999999999997,0.099,0.4842105263157895,,,"{'pos': [('purse change vs last', 0.5754549916010833), ('jockey home = GP', 0.16939366646394047), ('career win%', 0.15450059455310108)], 'neg': [('finish position last race', -0.19071547582711945), ('no data: won last race', -0.1868987479837133), ('no data: finish position last race', -0.1868987479837133)]}"
9,6,5,Ryan's Run,0.2892,0.0837,0.8526315789473684,,,"{'pos': [('jockey win% on surface', 0.3033667102644288), ('career win% on surface', 0.25107448126226223), ('speed figure last race', 0.24154769455833103)], 'neg': [('purse change vs last', -1.2653640200867833), ('career win%', -0.3714118401863659), ('won last race', -0.15776780666571147)]}"
9,7,4,Langvad,0.24870000000000003,0.0743,0.8210526315789474,,,"{'pos': [('finish position last race', 0.22539101356861935), ('blinkers change', 0.17311843177423356), ('career win% on surface', 0.10963041005363472)], 'neg': [('purse change vs last', -0.7239466474303611), ('last race field size', -0.18280397977541235), ('career win%', -0.1621751031865289)]}"
9,8,8,Volendam,0.14100000000000001,0.0386,0.8526315789473684,,,"{'pos': [('career win%', 0.15450059455310108), ('last race field size', 0.12507640945006007), ('finish position last race', 0.08668885347818472)], 'neg': [('purse change vs last', -0.692098602921303), ('jockey win% on surface', -0.12238360625069544), ('career win% on surface', -0.10444243572899972)]}"
10,1,5,Luv Your Neighbor,0.6376,0.245,0.49473684210526314,,,"{'pos': [('purse change vs last', 1.3732312840223793), ('trainer home = GP', 0.18757952296664987), ('jockey win% on surface', 0.12279759743615881)], 'neg': [('no data: won last race', -0.11075481361997824), ('no data: finish position last race', -0.11075481361997824), (""at trainer's home track"", -0.10259874032260141)]}"
10,2,4,Irish Jig,0.5375,0.1798,0.45263157894736844,,,"{'pos': [('purse change vs last', 1.3732312840223793), ('jockey home = GP', 0.12045771837435768), ('pace type last race    MISSING = ', 0.08141571125569244)], 'neg': [('no data: won last race', -0.11075481361997824), ('no data: finish position last race', -0.11075481361997824), ('trainer home = GP', -0.05359414941904282)]}"
10,3,3,Niche,0.4462,0.1413,0.49473684210526314,,,"{'pos': [('purse change vs last', 1.3732312840223793), ('jockey home = GP', 0.12045771837435768), ('pace type last race    MISSING = ', 0.08141571125569244)], 'neg': [('jockey win% on surface', -0.11178132916448752), ('no data: won last race', -0.11075481361997824), ('no data: finish position last race', -0.11075481361997824)]}"
10,4,7,Little Miss Curlin,0.43679999999999997,0.1425,0.45263157894736844,,,"{'pos': [('purse change vs last', 1.3732312840223793), ('pace type last race    MISSING = ', 0.08141571125569244), ('career win%', 0.06484325539489011)], 'neg': [('jockey home = GP', -0.15057214796794707), ('no data: won last race', -0.11075481361997824), ('no data: finish position last race', -0.11075481361997824)]}"
10,5,8,Now Or Nevermore,0.376,0.1196,0.4842105263157895,,,"{'pos': [('purse change vs last', 1.3732312840223793), ('trainer home = GP', 0.18757952296664987), ('pace type last race    MISSING = ', 0.08141571125569244)], 'neg': [('jockey home = GP', -0.15057214796794707), ('no data: finish position last race', -0.11075481361997824), ('no data: won last race', -0.11075481361997824)]}"
10,6,1,Tessellate,0.3587,0.113,0.8,,,"{'pos': [('purse change vs last', 0.3058656471769625), ('no data: finish position last race', 0.13844351702497282), ('no data: won last race', 0.13844351702497282)], 'neg': [('finish position last race', -0.2619929781841448), ('career win%', -0.14659867874194493), ('pace type last race    MISSING = ', -0.10176963906961556)]}"
10,7,9,Ata Premium,0.1392,0.0401,0.8842105263157894,,,"{'pos': [('finish position last race', 0.43151784051689823), ('speed figure last race', 0.3502765906609246), ('career win% on surface', 0.23685849317073632)], 'neg': [('purse change vs last', -1.5504224729783316), ('career win%', -0.35576703046923397), ('last race field size', -0.2822236842246301)]}"
10,8,2,Tahlequah,0.0653,0.0184,0.7894736842105263,,,"{'pos': [('finish position last race', 0.2928156804264636), ('last race was maiden', 0.15169419671174), ('no data: won last race', 0.13844351702497282)], 'neg': [('purse change vs last', -1.7824584751643593), ('speed figure last race', -0.20003209638166844), ('class rating change vs last', -0.10678673299498843)]}"
10,9,6,Pearlof Pearl,0.0027,0.0003,0.8947368421052632,,,"{'pos': [('blinkers change', 0.20517740062131382), ('last race was maiden', 0.15169419671174), ('no data: won last race', 0.13844351702497282)], 'neg': [('purse change vs last', -3.839141119146169), ('finish position last race', -0.539397298365014), ('class rating change vs last', -0.24066860395715406)]}"
11,1,10,Skippylongstocking,0.8291000000000001,0.3765,0.7894736842105263,,,"{'pos': [('purse change vs last', 2.294157897128907), ('last race field size', 0.32327441434951687), ('finish position last race', 0.26353410964648677)], 'neg': [('career win%', -0.36886350536582213), ('won last race', -0.14724995288799736), ('blinkers change', -0.13849474541938683)]}"
11,2,2,Willy D's,0.6307,0.2086,0.8526315789473684,,,"{'pos': [('purse change vs last', 2.0775909440559057), ('career win%', 0.15974133540251967), ('finish position last race', 0.12483194955605215)], 'neg': [('jockey home = GP', -0.16261791980538284), ('career win% on surface', -0.1079851747941023), ('jockey win% on surface', -0.10390812204467174)]}"
11,3,7,Dragoon Guard,0.47739999999999994,0.1324,0.8526315789473684,,,"{'pos': [('purse change vs last', 1.752740524472485), ('finish position last race', 0.26353410964648677), ('jockey home = GP', 0.1084119465369219)], 'neg': [('won last race', -0.14724995288799736), ('last race field size', -0.1385461765671553), ('speed figure last race', -0.10992170661439857)]}"
11,4,6,Bullard,0.403,0.1111,0.47368421052631576,,,"{'pos': [('purse change vs last', 2.0775909440559057), ('pace type last race    MISSING = ', 0.1648668152927772), ('career win%', 0.15974133540251967)], 'neg': [(""days since jockey's last win"", -0.2639014257583775), ('no data: won last race', -0.22427849758045595), ('no data: finish position last race', -0.22427849758045595)]}"
11,5,8,Banishing,0.35109999999999997,0.0919,0.8947368421052632,,,"{'pos': [('purse change vs last', 0.5461533028384336), ('finish position last race', 0.26353410964648677), ('career win% on surface', 0.15046227635360832)], 'neg': [('career win%', -0.22257727837785746), ('jockey home = GP', -0.16261791980538284), ('won last race', -0.14724995288799736)]}"
11,6,1,Gigante,0.13640000000000002,0.0345,0.7263157894736842,,,"{'pos': [('purse change vs last', 0.9586616941318871), ('career win%', 0.15974133540251967), ('jockey win% on surface', 0.14514137541890695)], 'neg': [('finish position last race', -0.42997670905455626), ('days since last race', -0.16623594781977777), ('last race (days ago)', -0.16623594781977777)]}"
11,7,5,Princeof Power,0.118,0.0318,0.8947368421052632,,,"{'pos': [('career ITM%', 0.13294319074740074), ('finish position last race', 0.12483194955605215), ('jockey home = GP', 0.1084119465369219)], 'neg': [('purse change vs last', -0.6621852650491125), ('closer last race', -0.11114648055434115), ('jockey win% on surface', -0.08943755118173936)]}"
11,8,4,Full Screen,0.0276,0.0069,0.8105263157894737,,,"{'pos': [('career win%', 0.15974133540251967), ('jockey home = GP', 0.1084119465369219), (""at trainer's home track"", 0.09233886629034127)], 'neg': [('purse change vs last', -1.1673433997663598), ('career ITM%', -0.16145289145043332), ('finish position last race', -0.15257237974925203)]}"
11,9,3,Xcellent Start,0.0259,0.0061,0.8526315789473684,,,"{'pos': [('speed figure last race', 0.19440506010045916), ('last race field size', 0.1693342126583171), ('wins at this track', 0.16571310421662602)], 'neg': [('purse change vs last', -1.928897558257649), ('finish position last race', -0.42997670905455626), ('starts at this track', -0.28499469230111274)]}"
11,10,9,Barbadian Runner,0.0007999999999999999,0.0002,0.8736842105263158,,,"{'pos': [('finish position last race', 0.12483194955605215), (""at trainer's home track"", 0.09233886629034127), ('blinkers change', 0.09232983027959121)], 'neg': [('purse change vs last', -5.9484690836104015), ('jockey home = GP', -0.16261791980538284), ('last race field size', -0.1385461765671553)]}"
12,1,3,Teachintherelease,0.6123999999999999,0.2231,0.8631578947368421,,,"{'pos': [('purse change vs last', 0.26700381688954017), ('last race field size', 0.23091029103429636), ('trainer win% on surface', 0.16307665964448947)], 'neg': [('speed figure last race', -0.27066178218178016), ('career win%', -0.19357380233770133), ('won last race', -0.1314731722214262)]}"
12,2,2,Rayof Sunshine,0.4578,0.1538,0.8947368421052632,,,"{'pos': [('trainer win% on surface', 0.16307665964448947), ('trainer win% at track', 0.15747154334667424), ('trainer win% (1yr)', 0.14250943644445277)], 'neg': [('blinkers change', -0.11541228784948901), ('purse change vs last', -0.0983378543551724), ('last race field size', -0.07697009819117603)]}"
12,3,4,Catchthe Humor,0.44730000000000003,0.1509,0.8210526315789474,,,"{'pos': [('purse change vs last', 0.26700381688954017), ('last race field size', 0.23091029103429636), ('starts at this track', 0.09616385374880541)], 'neg': [('blinkers change', -0.11541228784948901), ('jockey win% on surface', -0.10196308898243969), ('career ITM%', -0.09006168571565581)]}"
12,4,5,Spotafreeone,0.37839999999999996,0.121,0.8631578947368421,,,"{'pos': [('jockey win% on surface', 0.28326963700698754), ('career win% on surface', 0.16159458912014601), ('finish position last race', 0.13870216123098905)], 'neg': [('career win%', -0.2390451755984105), ('won last race', -0.1314731722214262), ('purse change vs last', -0.0983378543551724)]}"
12,5,1,Runaldo,0.3661,0.1209,0.8631578947368421,,,"{'pos': [('finish position last race', 0.13870216123098905), ('speed figure last race', 0.12514970205562437), ('jockey win% on surface', 0.11736038218465131)], 'neg': [('won last race', -0.1314731722214262), ('pace progression last race', -0.11939873064067325), ('purse change vs last', -0.1002986414362384)]}"
12,6,7,Jubawithatwist,0.3173,0.1002,0.9052631578947369,,,"{'pos': [('career win% on surface', 0.14482805209423738), ('speed figure last race', 0.0990112319397422), ('trouble in last trip', 0.08897258100550946)], 'neg': [('career win%', -0.21424259257982975), ('last race field size', -0.1539401919583124), ('blinkers change', -0.11541228784948901)]}"
12,7,8,Social Chic,0.3123,0.0992,0.8631578947368421,,,"{'pos': [('career ITM%', 0.13351372870933476), ('blinkers change', 0.11541228784948904), ('career win%', 0.08899836907389957)], 'neg': [('starts at this track', -0.14861685939062186), ('purse change vs last', -0.1002986414362384), ('post position', -0.08552839486026056)]}"
12,8,6,Direct Appeal,0.1084,0.0309,0.8736842105263158,,,"{'pos': [('career win%', 0.45701675561082294), ('blinkers change', 0.11541228784948904), ('won last race', 0.07888390333285572)], 'neg': [('finish position last race', -0.41610648825518437), ('career win% on surface', -0.30894343342578284), ('avg finish (last 3)', -0.15219740529989623)]}"
13,1,1,Edy's Flame,0.4982,0.187,0.9052631578947369,,,"{'pos': [('finish position last race', 0.22696717437505118), ('trainer win% on surface', 0.15421471691047992), ('trainer win% at track', 0.15054453515006477)], 'neg': [('career win%', -0.15118208750408924), ('won last race', -0.13386359353454305), ('trainer win% at other tracks', -0.1079741127853136)]}"
13,2,5,Zip Start,0.4405,0.1525,0.8526315789473684,,,"{'pos': [('jockey win% on surface', 0.3062505169293152), ('blinkers change', 0.1259043140176244), ('purse change vs last', 0.09544740050953288)], 'neg': [('avg finish (last 3)', -0.10086455210948145), ('career win%', -0.09621225166465569), ('mid-pack last race', -0.06029535609038962)]}"
13,3,6,Shewonttalktome,0.43220000000000003,0.1495,0.8210526315789474,,,"{'pos': [('purse change vs last', 0.46274985883531145), ('last race field size', 0.20292116401713783), ('career ITM%', 0.163933725345903)], 'neg': [('blinkers change', -0.10492026168135365), ('jockey win% on surface', -0.07898220906011205), ('no data: trainer win% off layoff', -0.07444577749625868)]}"
13,4,8,Overnight Pow Wow,0.3458,0.1144,0.8631578947368421,,,"{'pos': [('career win% on surface', 0.3606061168388328), ('career ITM%', 0.32419591963930117), ('finish position last race', 0.22696717437505118)], 'neg': [('career win%', -0.5307165590026004), ('won last race', -0.13386359353454305), ('blinkers change', -0.10492026168135365)]}"
13,5,2,Malibu Years,0.2744,0.0876,0.8315789473684211,,,"{'pos': [('finish position last race', 0.22696717437505118), ('post position', 0.09774673501236389), ('purse change vs last', 0.09544740050953288)], 'neg': [('won last race', -0.13386359353454305), ('pace progression last race', -0.10592015198262993), ('blinkers change', -0.10492026168135365)]}"
13,6,9,God's Pride,0.2155,0.0657,0.8736842105263158,,,"{'pos': [('career win%', 0.18884811774390425), ('starts at this track', 0.16212748826200543), ('speed figure last race', 0.16103179705164428)], 'neg': [('wins at this track', -0.12627870489785145), ('career win% on surface', -0.12581976405556772), ('career ITM%', -0.11985572945701921)]}"
13,7,3,Juba's Parade,0.21509999999999996,0.0662,0.8526315789473684,,,"{'pos': [('beaten lengths last race', 0.2582454255966021), ('purse change vs last', 0.1612819933109339), ('blinkers change', 0.1259043140176244)], 'neg': [('finish position last race', -0.32784147511112227), ('starts at this track', -0.15259056797143086), ('jockey win% on surface', -0.142875331063997)]}"
13,8,10,The Sky Is Falling,0.2112,0.0663,0.8526315789473684,,,"{'pos': [('career win% on surface', 0.14390945098752886), ('wins at this track', 0.14178662085271332), ('blinkers change', 0.1259043140176244)], 'neg': [('finish position last race', -0.4665436443259918), ('career win%', -0.21015945080295145), ('post position', -0.09774673340823167)]}"
13,9,7,Somesugarnspice,0.18030000000000002,0.0539,0.8842105263157894,,,"{'pos': [('career win%', 0.21090003123383994), ('blinkers change', 0.1259043140176244), ('purse change vs last', 0.12192318512430916)], 'neg': [('career win% on surface', -0.1609845522655216), ('career ITM%', -0.15515710817705652), ('closer last race', -0.10104225504940104)]}"
13,10,4,Skie's Music,0.1719,0.0522,0.8736842105263158,,,"{'pos': [('finish position last race', 0.22696717437505118), ('career win%', 0.08045793103067864), ('shipping in today', 0.07705748091541026)], 'neg': [('purse change vs last', -0.3198443207817985), ('speed figure last race', -0.2413143195079532), ('won last race', -0.13386359353454305)]}"
13,11,11,Modest Kay,0.0149,0.0047,0.8947368421052632,,,"{'pos': [('career win%', 0.38444621087865555), ('blinkers change', 0.1259043140176244), ('won last race', 0.07649348201973889)], 'neg': [('purse change vs last', -1.0442629778715), ('career ITM%', -0.36127618441465303), ('career win% on surface', -0.2580441231844548)]}"
