race_num,rank,pgm,horse,P(ITM),P(win),cov,ML,PrimePwr,_reasons,actual
1,1,6,Heartbeat,0.5186999999999999,0.183,0.9263157894736842,,,"{'pos': [('trainer home = GP', 0.20076030581154858), ('purse change vs last', 0.10188282739152509), ('trainer win% (1yr)', 0.09853507745318)], 'neg': [('last race field size', -0.10209330231992095), ('speed trend (last 3)', -0.0910767090477551), ('career ITM%', -0.07187157728018631)]}",7
1,2,2,Danzig's Dora,0.5085,0.1743,0.5052631578947369,,,"{'pos': [('speed figure last race', 0.12906383260534812), ('pace type last race    MISSING = ', 0.12210057698176643), ('career ITM%', 0.09132364054187357)], 'neg': [('closeness to winner (last race)', -0.156674085352583), ('no data: finish placement (last race)', -0.15514461799934065), ('no data: won last race', -0.15514461799934065)]}",6
1,3,1,Menkaure,0.4768,0.1578,0.8210526315789474,,,"{'pos': [('closeness to winner (last race)', 0.852512981961455), ('jockey win% on surface', 0.18998459106024695), ('last race was maiden', 0.1856824212969356)], 'neg': [('speed figure last race', -0.9275395826019792), ('finish placement (last race)', -0.19738267963026662), ('no data: trainer win% off layoff', -0.10039456688082746)]}",5
1,4,7,Final Shipman,0.4689,0.1633,0.9263157894736842,,,"{'pos': [('finish placement (last race)', 0.35528881972454407), ('speed figure last race', 0.1826243688619274), ('career ITM%', 0.06909271276075644)], 'neg': [('closeness to winner (last race)', -0.14637625785614516), ('jockey win% on surface', -0.08359908177840684), ('post position', -0.07640087501696528)]}",3
1,5,4,Carol's Melody,0.4326,0.1409,0.8842105263157894,,,"{'pos': [('speed figure last race', 0.19590384740495487), ('finish placement (last race)', 0.07895307455955851), ('trouble in last trip', 0.07578463770198175)], 'neg': [('closeness to winner (last race)', -0.16182299791224236), ('closer last race', -0.08975346796824038), ('purse change vs last', -0.07583882673975781)]}",1
1,6,5,True Princess,0.3209,0.0995,0.8526315789473684,,,"{'pos': [('speed figure last race', 0.12906383260534812), ('purse change vs last', 0.10188282739152509), ('class rating change vs last', 0.08682068825832531)], 'neg': [('finish placement (last race)', -0.19738267963026662), ('closeness to winner (last race)', -0.156674085352583), ('jockey win% on surface', -0.1245061833419939)]}",2
1,7,3,Wild Acclaim,0.2736,0.0812,0.8842105263157894,,,"{'pos': [('speed figure last race', 0.19590384740495487), ('last race field size', 0.05671850128884498)], 'neg': [('closeness to winner (last race)', -0.16182299791224236), ('closer last race', -0.08975346796824038), ('trainer win% (1yr)', -0.07909599282179937)]}",4
2,1,1,Junction,0.3685,0.1288,0.5263157894736842,,,"{'pos': [('speed figure last race', 0.1276036604961738), ('post position', 0.12733479418698226), ('finish placement (last race)', 0.0753642998789849)], 'neg': [('last race was maiden', -0.07877436055021511), ('closeness to winner (last race)', -0.06599970751241525), ('no data: finish placement (last race)', -0.06581892884820513)]}",8
2,2,2,When I Go,0.3639,0.1245,0.7894736842105263,,,"{'pos': [('last race field size', 0.25987384846933426), ('last race was maiden', 0.13785513096287644), ('no data: finish placement (last race)', 0.11518312548435895)], 'neg': [('speed figure last race', -0.19420222097438392), ('pace type last race    MISSING = ', -0.09065042836525083), ('career ITM%', -0.07134910407026535)]}",3
2,3,9,Full Access,0.36319999999999997,0.13,0.5263157894736842,,,"{'pos': [('trainer home = GP', 0.21292759707285455), ('jockey win% on surface', 0.14581908277852226), ('speed figure last race', 0.1276036604961738)], 'neg': [('last race was maiden', -0.07877436055021511), ('post position', -0.07640087853797678), ('closeness to winner (last race)', -0.06599970751241525)]}",1
2,4,8,Unbridled Freedom,0.356,0.1185,0.5052631578947369,,,"{'pos': [('speed figure last race', 0.1276036604961738), ('jockey win% on surface', 0.07630938477395126), ('finish placement (last race)', 0.0753642998789849)], 'neg': [('last race was maiden', -0.07877436055021511), ('closeness to winner (last race)', -0.06599970751241525), ('no data: finish placement (last race)', -0.06581892884820513)]}",2
2,5,3,Cairo Charlie,0.2663,0.088,0.5157894736842106,,,"{'pos': [('speed figure last race', 0.1276036604961738), ('post position', 0.0764008760057425), ('finish placement (last race)', 0.0753642998789849)], 'neg': [('last race was maiden', -0.07877436055021511), ('trainer recency (days since win)', -0.07248304153480425), ('closeness to winner (last race)', -0.06599970751241525)]}",9
2,6,12,Night Knight,0.2486,0.0833,0.5263157894736842,,,"{'pos': [('speed figure last race', 0.1276036604961738), ('finish placement (last race)', 0.0753642998789849), ('trainer home = MNR', 0.05772277744179504)], 'neg': [('post position', -0.1273347930052729), ('last race was maiden', -0.07877436055021511), ('closeness to winner (last race)', -0.06599970751241525)]}",6
2,7,10,Lookism,0.2421,0.0745,0.9157894736842105,,,"{'pos': [('finish placement (last race)', 0.35170004504397046), ('last race was maiden', 0.13785513096287644), ('no data: won last race', 0.11518312548435895)], 'neg': [('trainer home = MNR', -0.2597524984880777), ('purse change vs last', -0.1098643002291007), ('post position', -0.10186783577162484)]}",5
2,8,4,Tipoff,0.2395,0.0802,0.8,,,"{'pos': [('closeness to winner (last race)', 0.1811481345736993), ('last race was maiden', 0.13785513096287644), ('no data: won last race', 0.11518312548435895)], 'neg': [('speed figure last race', -0.20925229944625592), ('finish placement (last race)', -0.20097145431084024), ('pace type last race    MISSING = ', -0.09065042836525083)]}",7
2,9,7,Breadcrumb Trail,0.20900000000000002,0.0674,0.5052631578947369,,,"{'pos': [('speed figure last race', 0.1276036604961738), ('finish placement (last race)', 0.0753642998789849), ('trainer home = MNR', 0.05772277744179504)], 'neg': [('jockey win% on surface', -0.09543701777129504), ('last race was maiden', -0.07877436055021511), ('trainer win% on surface', -0.07321266409156642)]}",4
2,10,6,Gimmeatreat,0.1914,0.0589,0.5263157894736842,,,"{'pos': [('speed figure last race', 0.1276036604961738), ('finish placement (last race)', 0.0753642998789849), ('pace type last race    MISSING = ', 0.051800244780143334)], 'neg': [('trainer home = MNR', -0.2597524984880777), ('trainer recency (days since win)', -0.1088683693414079), ('last race was maiden', -0.07877436055021511)]}",11
2,11,5,Honorand Courage,0.15150000000000002,0.0459,0.8631578947368421,,,"{'pos': [('closeness to winner (last race)', 0.35106227162508963), ('last race field size', 0.25987384846933426), ('last race was maiden', 0.13785513096287644)], 'neg': [('finish placement (last race)', -0.7536429897650091), ('speed figure last race', -0.5084830876195298), ('avg finish placement (last 3)', -0.2072881991956276)]}",10
3,1,1,Culprit,0.7482,0.2835,0.9368421052631579,,,"{'pos': [('class rating change vs last', 0.11219904816529877), ('finish placement (last race)', 0.11053429896847819), ('purse change vs last', 0.10275544957103214)], 'neg': [('no data: trainer win% off layoff', -0.09370159575543896), ('last race (days ago)', -0.08800682104040951), ('days since last (recency)', -0.08800682104040951)]}",4
3,2,8,Good Mojo,0.7253000000000001,0.2672,0.9263157894736842,,,"{'pos': [('career ITM%', 0.17007788935291082), ('finish placement (last race)', 0.11053429896847819), ('trainer win% on surface', 0.10598408843774834)], 'neg': [('post position', -0.050933918181239754)]}",3
3,3,4,Feral,0.5796,0.1771,0.9052631578947369,,,"{'pos': [('finish placement (last race)', 0.24870217380718088), ('trainer home = GP', 0.187376285424112), ('last race was maiden', 0.17330359321047323)], 'neg': [('won last race', -0.17681762214555619), ('career win%', -0.15044405432690322), ('moving up in class', -0.07897173938966262)]}",1
3,4,7,Winery,0.5015000000000001,0.1472,0.5157894736842106,,,"{'pos': [('jockey home = GP', 0.17922173106379727), ('pace type last race    MISSING = ', 0.11396053851631534), ('no data: avg finish placement (last 3)', 0.06298806231330797)], 'neg': [('finish placement (last race)', -0.16580144619650738), ('no data: won last race', -0.14480164346605126), ('no data: finish placement (last race)', -0.14480164346605126)]}",5
3,5,2,Sound Cause,0.4454,0.125,0.8842105263157894,,,"{'pos': [('speed figure last race', 0.09224806562916994)], 'neg': [('finish placement (last race)', -0.3039693255476298), ('career ITM%', -0.1243854929673209), ('trainer win% (1yr)', -0.06791881733026696)]}",2
4,1,3,Find No Fault,0.5472999999999999,0.1933,0.9263157894736842,,,"{'pos': [('finish placement (last race)', 0.24563177548550708), ('blinkers change', 0.21694001348033057), ('jockey win% on surface', 0.1587714082657414)], 'neg': [('first-time blinkers', -0.23526858786895324), ('last race field size', -0.1411660476522364), ('pace type last race    MISSING = ', -0.06331141028684185)]}",1
4,2,10,Flick,0.526,0.1887,0.8842105263157894,,,"{'pos': [('finish placement (last race)', 0.38379965032420976), ('trainer home = GP', 0.15614690452009333), ('purse change vs last', 0.12994701812396067)], 'neg': [('jockey win% on surface', -0.15571936613649945), ('post position', -0.10186783729096544), ('closer last race', -0.08376990343702437)]}",5
4,3,1,Liberty Valance,0.4888,0.173,0.5157894736842106,,,"{'pos': [('jockey home = GP', 0.1991352567375525), ('trainer home = GP', 0.15614690452009333), ('purse change vs last', 0.12994701812396067)], 'neg': [('no data: finish placement (last race)', -0.10055669685142449), ('no data: won last race', -0.10055669685142449), ('last race was maiden', -0.09627977400581847)]}",8
4,4,8,Nomolimbo,0.387,0.1284,0.8736842105263158,,,"{'pos': [('purse change vs last', 0.12994701812396067), ('last race was maiden', 0.12034971750727308), ('last race field size', 0.09705165776091251)], 'neg': [('trainer home = GP', -0.07807345226004667), ('career ITM%', -0.07240489503614371), ('pace type last race    MISSING = ', -0.06331141028684185)]}",4
4,5,6,Our Forefathers,0.3529,0.1112,0.49473684210526314,,,"{'pos': [('purse change vs last', 0.12994701812396067), ('finish placement (last race)', 0.10746390515922419), ('pace type last race    MISSING = ', 0.07913926285855231)], 'neg': [('no data: won last race', -0.10055669685142449), ('no data: finish placement (last race)', -0.10055669685142449), ('last race was maiden', -0.09627977400581847)]}",3
4,6,2,Macchiato,0.2766,0.0861,0.5052631578947369,,,"{'pos': [('purse change vs last', 0.12994701812396067), ('finish placement (last race)', 0.10746390515922419), ('pace type last race    MISSING = ', 0.07913926285855231)], 'neg': [('no data: won last race', -0.10055669685142449), ('no data: finish placement (last race)', -0.10055669685142449), ('last race was maiden', -0.09627977400581847)]}",7
4,7,7,El Tio,0.1737,0.049,0.8526315789473684,,,"{'pos': [('purse change vs last', 0.12994701812396067), ('last race was maiden', 0.12034971750727308), ('last race field size', 0.09705165776091251)], 'neg': [('finish placement (last race)', -0.44520759870800625), ('speed figure last race', -0.13589326556139827), ('avg finish placement (last 3)', -0.13400449651341864)]}",2
4,8,9,Unconnected,0.1729,0.0516,0.5052631578947369,,,"{'pos': [('purse change vs last', 0.12994701812396067), ('finish placement (last race)', 0.10746390515922419), ('pace type last race    MISSING = ', 0.07913926285855231)], 'neg': [('jockey win% on surface', -0.1853842315124094), ('weight (lbs)', -0.13248590598282095), ('no data: won last race', -0.10055669685142449)]}",9
4,9,5,Differential,0.0748,0.0187,0.9368421052631579,,,"{'pos': [('trainer win% on surface', 0.21363056267811975), ('jockey win% on surface', 0.19982918899840058), ('closeness to winner (last race)', 0.11384820081890391)], 'neg': [('purse change vs last', -1.0395761449916856), ('finish placement (last race)', -0.583375473546709), ('days since last (recency)', -0.30152715713094647)]}",6
5,1,1,Got Gone,0.5131,0.1877,0.9157894736842105,,,"{'pos': [('finish placement (last race)', 0.4490455915336263), ('speed figure last race', 0.13213074644914496), ('avg finish placement (last 3)', 0.1107107432847995)], 'neg': [('won last race', -0.19339427422170208), ('career win%', -0.13994732465804988), ('jockey win% on surface', -0.09097272210966512)]}",3
5,2,7,Modern Sound,0.47469999999999996,0.1609,0.9052631578947369,,,"{'pos': [('trainer home = GP', 0.2049428121826225), ('finish placement (last race)', 0.17270984185622093), ('jockey win% on surface', 0.0802990986741012)], 'neg': [('trainer starts at other tracks', -0.1525528251854938), ('closer last race', -0.06282742757776827), ('purse change vs last', -0.0575890569517278)]}",4
5,3,3,Lady Lithesome,0.40359999999999996,0.1306,0.5052631578947369,,,"{'pos': [('jockey win% on surface', 0.12742855846720053), ('pace type last race    MISSING = ', 0.10683800485904563), ('trainer home = MNR', 0.07936881898246818)], 'neg': [('no data: won last race', -0.13575154074942306), ('no data: finish placement (last race)', -0.13575154074942306), ('no data: closeness to winner (last race)', -0.07447692293334457)]}",7
5,4,4,Kittens Stormy Gal,0.3749,0.1254,0.8736842105263158,,,"{'pos': [('last race field size', 0.19851476091766412), ('purse change vs last', 0.11296640070685533), ('speed figure last race', 0.08432464601243944)], 'neg': [('finish placement (last race)', -0.3799616574985898), ('jockey win% on surface', -0.12490282114127421), ('career ITM%', -0.10254173616078717)]}",1
5,5,2,Ashesand Diamonds,0.3589,0.1158,0.8736842105263158,,,"{'pos': [('finish placement (last race)', 0.17270984185622093), ('trainer home = MNR', 0.07936881898246818), ('post position', 0.06366739853897488)], 'neg': [('moving up in class', -0.07403600567780871), ('no data: trainer win% rising class', -0.0635739514620211), ('closer last race', -0.06282742757776827)]}",6
5,6,5,Storm Cloud Rising,0.35860000000000003,0.1175,0.9368421052631579,,,"{'pos': [('purse change vs last', 0.119734475817853), ('class rating change vs last', 0.08473365491970722), ('avg finish placement (last 3)', 0.05417759414943593)], 'neg': [('trainer home = MNR', -0.23810645694740457), ('last race field size', -0.11910885362181825), ('career win%', -0.11102832247618255)]}",5
5,7,10,Speed Skater,0.2969,0.0933,0.5263157894736842,,,"{'pos': [('pace type last race    MISSING = ', 0.10683800485904563), ('closer last race', 0.06282742757776827), ('no data: avg finish placement (last 3)', 0.05905130841872622)], 'neg': [('trainer home = MNR', -0.23810645694740457), ('no data: won last race', -0.13575154074942306), ('no data: finish placement (last race)', -0.13575154074942306)]}",8
5,8,8,Hold My Halo,0.2193,0.0688,0.9052631578947369,,,"{'pos': [('last race was maiden', 0.18955080507395508), ('trainer home = MNR', 0.07936881898246818), ('trouble in last trip', 0.06631155798923404)], 'neg': [('finish placement (last race)', -0.5181295323372924), ('speed figure last race', -0.18082214583884337), ('days since last (recency)', -0.14461222617442365)]}",2
6,1,4,Pimlott,0.6705000000000001,0.2644,0.9157894736842105,,,"{'pos': [('finish placement (last race)', 0.5724097665442797), ('trainer home = GP', 0.16730025484295713), ('speed figure last race', 0.14620066415791488)], 'neg': [('won last race', -0.18944745229881021), ('career win%', -0.15049685967561602), ('closeness to winner (last race)', -0.14637625463005488)]}",5
6,2,2,Tre Italiani,0.5168999999999999,0.1721,0.8736842105263158,,,"{'pos': [('trainer home = GP', 0.16730025484295713), ('finish placement (last race)', 0.15790614654059143), ('speed figure last race', 0.10503430299272311)], 'neg': [('closeness to winner (last race)', -0.1360784295107362), ('last race field size', -0.10209330231992095), ('last race was maiden', -0.09284121064846781)]}",2
6,3,1,Penalty Box,0.45899999999999996,0.1473,0.8526315789473684,,,"{'pos': [('speed figure last race', 0.17541550021393026), ('post position', 0.07640087581281035), ('purse change vs last', 0.06624759045531688)], 'neg': [('last race was maiden', -0.09284121064846781), ('trainer win% on surface', -0.07894903835667429), ('trainer home = GP', -0.06692010193718285)]}",3
6,4,6,Admiral Hall,0.4096,0.1286,0.8842105263157894,,,"{'pos': [('finish placement (last race)', 0.43424189170557703), ('speed figure last race', 0.14487271769849921), ('avg finish placement (last 3)', 0.12921861979670213)], 'neg': [('purse change vs last', -0.30410142623777253), ('last race field size', -0.18149920412430393), ('closeness to winner (last race)', -0.13092951576251727)]}",6
6,5,5,Ezum,0.3573,0.1116,0.8842105263157894,,,"{'pos': [('closeness to winner (last race)', 0.5693227302240643), ('last race field size', 0.13612440309322793), ('trainer win% on surface', 0.12806721080750244)], 'neg': [('speed figure last race', -0.6032042108880725), ('finish placement (last race)', -0.5329332321653417), ('avg finish placement (last 3)', -0.134602729615855)]}",7
6,6,3,Chillax,0.32420000000000004,0.0987,0.8736842105263158,,,"{'pos': [('last race was maiden', 0.12378828086462373), ('shipping in today', 0.09115196019250502), ('trouble in last trip', 0.06315386475165145)], 'neg': [('finish placement (last race)', -0.394765357326639), ('closeness to winner (last race)', -0.12063168945463901), ('no data: closeness to winner (last race)', -0.0851164833523938)]}",4
6,7,7,Vintage Cowboy,0.26249999999999996,0.0773,0.8526315789473684,,,"{'pos': [('purse change vs last', 0.06624759045531688), ('last race field size', 0.056718501288844966), ('moving up in class', 0.05640838527833044)], 'neg': [('finish placement (last race)', -0.25659748248793635), ('jockey win% on surface', -0.10236031369129558), ('last race was maiden', -0.09284121064846781)]}",1
7,1,4,Michael's Cove,0.6148,0.2349,0.9052631578947369,,,"{'pos': [('finish placement (last race)', 0.3799616535502225), ('last race field size', 0.09925737542499109), ('avg finish placement (last 3)', 0.08951081533334455)], 'neg': [('trainer home = GP', -0.0878326337925525), ('mid-pack last race', -0.056298337764096124)]}",1
7,2,1,The Dover Specter,0.4468,0.1557,0.9368421052631579,,,"{'pos': [('last race was maiden', 0.18955080507395508), ('last race field size', 0.17866328455132457), ('trainer home = GP', 0.1463877229875875)], 'neg': [('career ITM%', -0.12263157915720249), ('closer last race', -0.10994799826109447), ('last race (days ago)', -0.09130330396735134)]}",5
7,3,11,Professor Higgins,0.371,0.1213,0.8947368421052632,,,"{'pos': [('purse change vs last', 0.11558732353630602), ('speed figure last race', 0.10640177936913195), ('class rating change vs last', 0.07947432418647943)], 'neg': [('finish placement (last race)', -0.17270984580458823), ('post position', -0.08913435971868805), ('trainer home = GP', -0.0878326337925525)]}",6
7,4,10,Equilibrium,0.3471,0.1107,0.5263157894736842,,,"{'pos': [('trainer home = GP', 0.1463877229875875), ('pace type last race    MISSING = ', 0.10683800485904563), ('finish placement (last race)', 0.1036259083852369)], 'neg': [('no data: won last race', -0.13575154074942306), ('no data: finish placement (last race)', -0.13575154074942306), ('speed figure last race', -0.08880647221759028)]}",7
7,5,6,Kicking Clear,0.3325,0.1029,0.8315789473684211,,,"{'pos': [('purse change vs last', 0.11558732353630602), ('last race field size', 0.09925737542499109), ('class rating change vs last', 0.07947432418647943)], 'neg': [('finish placement (last race)', -0.3108777206432909), ('speed figure last race', -0.08880647221759028), ('trainer home = GP', -0.0878326337925525)]}",4
7,6,2,Geneand Jude,0.33240000000000003,0.1036,0.9368421052631579,,,"{'pos': [('trainer home = GP', 0.1463877229875875), ('shipping in today', 0.11166115123581864), ('career win% on surface', 0.07438616917277538)], 'neg': [('finish placement (last race)', -0.3108777206432909), ('trainer starts at other tracks', -0.14003472795530186), ('career win%', -0.10215270232828327)]}",3
7,7,8,Landing Craft,0.3134,0.0964,0.5263157894736842,,,"{'pos': [('pace type last race    MISSING = ', 0.10683800485904563), ('finish placement (last race)', 0.1036259083852369), ('career ITM%', 0.06904368231112955)], 'neg': [('no data: won last race', -0.13575154074942306), ('no data: finish placement (last race)', -0.13575154074942306), ('speed figure last race', -0.08880647221759028)]}",2
7,8,3,Gallode Fuego,0.242,0.0745,0.9052631578947369,,,"{'pos': [('blinkers change', 0.2135503257697004), ('finish placement (last race)', 0.1036259083852369), ('trainer win% (1yr)', 0.0690296464398251)], 'neg': [('last race field size', -0.2977721262749732), ('jockey win% on surface', -0.0940623767810471), ('purse change vs last', -0.0899033456648329)]}",8
8,1,5,Highgrove,0.613,0.2282,0.5157894736842106,,,"{'pos': [('trainer win% first-time starters', 0.2155936065436565), ('trainer win% on surface', 0.2083431857414202), ('jockey win% on surface', 0.20815667153142547)], 'neg': [('no data: won last race', -0.13575154074942306), ('no data: finish placement (last race)', -0.13575154074942306), ('trainer win% at other tracks', -0.07814530594162655)]}",4
8,2,7,Moonlight Dash,0.5162,0.1787,0.9052631578947369,,,"{'pos': [('finish placement (last race)', 0.43177460717878846), ('blinkers change', 0.2135503257697004), ('avg finish placement (last 3)', 0.07223679880881767)], 'neg': [('first-time blinkers', -0.23159251618350085), ('post position', -0.0636673950571527), ('trainer home = GP', -0.058555089195035)]}",3
8,3,1,I'm Game,0.4329,0.1481,0.5157894736842106,,,"{'pos': [('trainer home = GP', 0.175665267585105), ('finish placement (last race)', 0.15543886201380286), ('pace type last race    MISSING = ', 0.10683800485904563)], 'neg': [('no data: won last race', -0.13575154074942306), ('no data: finish placement (last race)', -0.13575154074942306), ('trainer win% first-time starters', -0.09097841016101302)]}",2
8,4,4,Rational Theory,0.3098,0.097,0.8842105263157894,,,"{'pos': [('finish placement (last race)', 0.15543886201380286), ('speed figure last race', 0.08947044566524921), ('pace progression last race', 0.05714209343469352)], 'neg': [('last race field size', -0.1687375413343138), ('closer last race', -0.07853428447221034), ('trainer win% (1yr)', -0.06174057956844607)]}",5
8,5,2,True Passion,0.3085,0.0959,0.9052631578947369,,,"{'pos': [('last race field size', 0.14888606588321807), ('post position', 0.06366739853897488)], 'neg': [('finish placement (last race)', -0.12089689217602226), ('jockey win% on surface', -0.10648478203988748), ('closer last race', -0.07853428447221034)]}",1
8,6,3,Debbie Doll,0.3013,0.0946,0.8631578947368421,,,"{'pos': [], 'neg': [('jockey win% on surface', -0.08278497268588213), ('career ITM%', -0.07845559417509887), ('trainer win% on surface', -0.06962742667486665)]}",6
8,7,6,My Sweetheart,0.2601,0.0782,0.9157894736842105,,,"{'pos': [('jockey home = GP', 0.19602376835102825), ('trainer home = GP', 0.175665267585105), ('last race field size', 0.14888606588321807)], 'neg': [('finish placement (last race)', -0.5354005166921303), ('trainer starts at other tracks', -0.21859431516845038), ('avg finish placement (last 3)', -0.10364409815572587)]}",8
8,8,8,Kenz,0.2582,0.0793,0.8631578947368421,,,"{'pos': [('jockey win% on surface', 0.06526162050535882), ('career ITM%', 0.06004560801461735)], 'neg': [('finish placement (last race)', -0.2590647670147249), ('last race field size', -0.08933163952993084), ('post position', -0.08913435971868805)]}",7
9,1,2,Jokester,0.4779,0.1768,0.8,,,"{'pos': [('finish placement (last race)', 0.25330776640123676), ('last race was maiden', 0.18052457626090962), ('trainer home = GP', 0.15614690452009333)], 'neg': [('pace type last race    MISSING = ', -0.11870889428782849), ('speed figure last race', -0.09480067706842987), ('no data: avg finish placement (last 3)', -0.06561256490969579)]}",1
9,2,12,National Forest,0.338,0.1154,0.4842105263157895,,,"{'pos': [('trainer win% first-time starters', 0.19743377718120553), ('trainer win% on surface', 0.19081654854333796), ('jockey win% on surface', 0.15357925971227215)], 'neg': [('post position', -0.11460131381869615), ('trainer win% at other tracks', -0.08234443171827291), ('trainer home = GP', -0.07807345226004667)]}",2
9,3,3,Staunch,0.30970000000000003,0.1019,0.47368421052631576,,,"{'pos': [('trainer home = GP', 0.15614690452009333), ('post position', 0.08913435519231924), ('jockey win% on surface', 0.08406956170770116)], 'neg': []}",3
9,4,1,Bombarino,0.24710000000000001,0.0801,0.49473684210526314,,,"{'pos': [('jockey home = GP', 0.20535823351060103), ('post position', 0.140068273373559), ('jockey starts at other tracks', 0.06557843018179334)], 'neg': [('jockey home = ELP', -0.08911736302422628), ('trainer home = GP', -0.07807345226004667), ('trainer win% on surface', -0.06859299065841322)]}",9
9,5,5,Cosmic Confection,0.2405,0.0783,0.4842105263157895,,,"{'pos': [('trainer home = GP', 0.15614690452009333), ('trainer win% (1yr)', 0.06851425352532908)], 'neg': [('jockey win% on surface', -0.08767684083754514)]}",4
9,6,6,Bardstown,0.2384,0.0778,0.4842105263157895,,,"{'pos': [('trainer home = GP', 0.15614690452009333)], 'neg': [('trainer win% first-time starters', -0.07166875659122363)]}",5
9,7,10,Westlake,0.22749999999999998,0.0745,0.49473684210526314,,,"{'pos': [], 'neg': [('trainer home = GP', -0.07807345226004667), ('post position', -0.06366739935140003)]}",8
9,8,9,Round Up,0.22299999999999998,0.0723,0.7789473684210526,,,"{'pos': [('last race was maiden', 0.18052457626090962), ('no data: finish placement (last race)', 0.15083504527713673), ('no data: won last race', 0.15083504527713673)], 'neg': [('pace type last race    MISSING = ', -0.11870889428782849), ('speed figure last race', -0.09922716991610571), ('career ITM%', -0.08929211860984831)]}",12
9,9,11,Okarito,0.197,0.0613,0.4842105263157895,,,"{'pos': [('trainer win% at other tracks', 0.05659743078823051), ('trainer win% at track', 0.055237559241000246)], 'neg': [('post position', -0.08913435658504809), ('trainer home = GP', -0.07807345226004667), ('trainer win% on surface', -0.07403645177180586)]}",6
9,10,8,Clearfor Takeoff,0.196,0.0673,0.49473684210526314,,,"{'pos': [], 'neg': [('trainer home = GP', -0.07807345226004667), ('trainer win% first-time starters', -0.06084424037781705)]}",11
9,11,4,Borax,0.1673,0.0533,0.4631578947368421,,,"{'pos': [('post position', 0.06366739795867118)], 'neg': [('trainer win% (1yr)', -0.07912226144925676), ('trainer home = GP', -0.07807345226004667), ('trainer starts (30d)', -0.05949659784620113)]}",10
9,12,14,Ritornello,0.1376,0.041,0.4631578947368421,,,"{'pos': [], 'neg': [('post position', -0.14006827105234423), ('jockey win% on surface', -0.1285839424011322), ('trainer home = GP', -0.07807345226004667)]}",7
